province,max,min,wind,rain,humidi,cloud,pressure,date
Ho Chi Minh City,35,24,9,0,51,11,1014,1/1/2020
Ho Chi Minh City,30,23,8,0,63,35,1011,1/1/2021
Ho Chi Minh City,35,25,7,0,59,16,1013,1/3/2020
Ho Chi Minh City,31,24,4,2.5,70,59,1010,1/3/2021
Ho Chi Minh City,34,24,5,0,61,15,1012,1/4/2020
Ho Chi Minh City,32,24,8,0,68,43,1010,1/4/2021
Ho Chi Minh City,35,25,6,0,60,5,1012,1/5/2020
Ho Chi Minh City,26,25,5,3.4,77,69,1010,1/5/2021
Ho Chi Minh City,33,25,7,0,59,20,1012,1/6/2020
Ho Chi Minh City,29,24,6,0,73,35,1009,1/6/2021
Ho Chi Minh City,34,25,9,0,59,35,1010,1/8/2020
Ho Chi Minh City,33,25,6,0,65,27,1009,1/8/2021
Ho Chi Minh City,33,25,9,0.1,61,41,1011,1/7/2020
Ho Chi Minh City,33,25,4,0,68,24,1009,1/7/2021
Ho Chi Minh City,34,25,10,0,62,23,1009,1/10/2020
Ho Chi Minh City,32,22,5,0,61,16,1010,1/10/2021
Ho Chi Minh City,34,24,8,0,64,29,1009,1/11/2020
Ho Chi Minh City,33,23,6,0,59,21,1011,1/11/2021
Ho Chi Minh City,33,24,8,0,67,35,1010,1/12/2020
Ho Chi Minh City,31,22,10,0,56,9,1012,1/12/2021
Ho Chi Minh City,34,24,10,0,63,7,1011,1/15/2020
Ho Chi Minh City,32,23,8,0,67,8,1010,1/15/2021
Ho Chi Minh City,36,26,8,0,57,23,1010,1/9/2020
Ho Chi Minh City,33,23,7,0,60,11,1010,1/9/2021
Ho Chi Minh City,35,24,10,0,61,13,1011,1/16/2020
Ho Chi Minh City,33,23,9,0,67,8,1010,1/16/2021
Ho Chi Minh City,35,24,8,0,56,11,1014,1/2/2020
Ho Chi Minh City,29,23,7,0,67,45,1011,1/2/2021
Ho Chi Minh City,35,24,8,0,58,10,1010,1/13/2020
Ho Chi Minh City,30,21,8,0,60,10,1011,1/13/2021
Ho Chi Minh City,34,24,10,0,60,20,1012,1/19/2020
Ho Chi Minh City,31,20,8,0,55,26,1011,1/19/2021
Ho Chi Minh City,35,24,9,0,57,13,1013,1/20/2020
Ho Chi Minh City,33,23,7,0,60,26,1011,1/20/2021
Ho Chi Minh City,34,24,8,0,55,7,1010,1/14/2020
Ho Chi Minh City,31,22,6,0,68,17,1011,1/14/2021
Ho Chi Minh City,35,25,9,0,62,12,1012,1/17/2020
Ho Chi Minh City,33,23,10,0,62,10,1011,1/17/2021
Ho Chi Minh City,35,24,11,0,56,13,1012,1/23/2020
Ho Chi Minh City,25,18,5,31.5,90,84,1010,1/23/2021
Ho Chi Minh City,35,25,12,0,59,20,1013,1/22/2020
Ho Chi Minh City,31,24,8,5.1,70,55,1009,1/22/2021
Ho Chi Minh City,36,24,11,0,56,6,1012,1/24/2020
Ho Chi Minh City,31,24,8,3.8,71,54,1011,1/24/2021
Ho Chi Minh City,34,24,14,0,63,18,1011,1/25/2020
Ho Chi Minh City,32,24,8,0,66,39,1011,1/25/2021
Ho Chi Minh City,35,24,10,0,55,25,1013,1/21/2020
Ho Chi Minh City,33,24,8,0,65,32,1010,1/21/2021
Ho Chi Minh City,34,24,14,0,69,19,1011,1/28/2020
Ho Chi Minh City,33,25,9,0,63,25,1011,1/28/2021
Ho Chi Minh City,34,23,12,0,69,28,1012,1/29/2020
Ho Chi Minh City,34,24,7,0,56,12,1012,1/29/2021
Ho Chi Minh City,33,23,9,0,58,17,1012,1/31/2020
Ho Chi Minh City,34,24,8,0,56,14,1012,1/31/2021
Ho Chi Minh City,35,24,9,0,68,17,1010,1/26/2020
Ho Chi Minh City,33,24,9,0,63,31,1010,1/26/2021
Ho Chi Minh City,35,23,9,0,55,12,1012,2/1/2020
Ho Chi Minh City,34,25,9,0,60,14,1012,2/1/2021
Ho Chi Minh City,36,23,9,0,53,4,1013,2/2/2020
Ho Chi Minh City,34,25,8,0,60,8,1012,2/2/2021
Ho Chi Minh City,35,23,10,0,55,4,1013,2/3/2020
Ho Chi Minh City,34,23,9,0,60,7,1012,2/3/2021
Ho Chi Minh City,35,23,11,0,53,7,1012,2/5/2020
Ho Chi Minh City,34,24,8,0,59,20,1011,2/5/2021
Ho Chi Minh City,33,23,12,0,66,24,1012,1/30/2020
Ho Chi Minh City,32,24,7,0,57,8,1012,1/30/2021
Ho Chi Minh City,37,24,9,0,55,1,1013,2/7/2020
Ho Chi Minh City,33,26,11,0.2,56,52,1010,2/7/2021
Ho Chi Minh City,35,23,10,0,57,9,1012,2/8/2020
Ho Chi Minh City,33,24,12,1.7,64,38,1010,2/8/2021
Ho Chi Minh City,26,23,10,1.1,64,62,1013,2/9/2020
Ho Chi Minh City,34,24,9,0.4,64,32,1009,2/9/2021
Ho Chi Minh City,35,24,10,0,60,13,1012,1/18/2020
Ho Chi Minh City,32,22,10,0,54,5,1012,1/18/2021
Ho Chi Minh City,35,23,10,0,48,2,1012,2/6/2020
Ho Chi Minh City,33,24,10,0,60,25,1010,2/6/2021
Ho Chi Minh City,34,25,9,0,57,34,1013,2/11/2020
Ho Chi Minh City,32,24,9,1.4,67,65,1010,2/11/2021
Ho Chi Minh City,36,26,15,0,56,14,1013,2/12/2020
Ho Chi Minh City,33,23,7,0,66,31,1011,2/12/2021
Ho Chi Minh City,36,25,15,0,63,12,1012,2/13/2020
Ho Chi Minh City,32,22,9,0,65,22,1012,2/13/2021
Ho Chi Minh City,34,24,15,0,69,20,1011,2/14/2020
Ho Chi Minh City,31,22,10,0.4,67,33,1013,2/14/2021
Ho Chi Minh City,33,24,14,0,69,11,1010,1/27/2020
Ho Chi Minh City,34,24,10,0,60,20,1010,1/27/2021
Ho Chi Minh City,32,24,7,0,57,43,1013,2/10/2020
Ho Chi Minh City,33,24,8,0,64,56,1009,2/10/2021
Ho Chi Minh City,35,26,12,0.4,60,60,1013,2/17/2020
Ho Chi Minh City,34,23,10,0,60,8,1012,2/17/2021
Ho Chi Minh City,36,25,11,0,66,23,1012,2/16/2020
Ho Chi Minh City,34,22,11,0,64,8,1011,2/16/2021
Ho Chi Minh City,37,24,8,0,49,9,1013,2/19/2020
Ho Chi Minh City,35,23,9,0,50,10,1013,2/19/2021
Ho Chi Minh City,35,24,8,0,53,12,1013,2/20/2020
Ho Chi Minh City,35,24,7,0,54,5,1013,2/20/2021
Ho Chi Minh City,36,25,9,0,49,7,1014,2/21/2020
Ho Chi Minh City,35,24,9,0,56,3,1012,2/21/2021
Ho Chi Minh City,36,25,10,0,48,9,1015,2/22/2020
Ho Chi Minh City,34,22,10,0,61,3,1011,2/22/2021
Ho Chi Minh City,37,24,11,0,45,10,1014,2/23/2020
Ho Chi Minh City,35,22,10,0,65,23,1011,2/23/2021
Ho Chi Minh City,36,24,9,0,49,8,1012,2/24/2020
Ho Chi Minh City,35,23,9,0,64,11,1010,2/24/2021
Ho Chi Minh City,36,25,14,0,54,12,1011,2/26/2020
Ho Chi Minh City,36,25,12,0,65,42,1007,2/26/2021
Ho Chi Minh City,36,26,13,0,49,12,1010,2/27/2020
Ho Chi Minh City,35,24,15,0,64,15,1008,2/27/2021
Ho Chi Minh City,36,25,12,0,53,10,1010,2/28/2020
Ho Chi Minh City,35,25,15,0,62,20,1009,2/28/2021
Ho Chi Minh City,36,25,13,0,61,11,1010,3/1/2020
Ho Chi Minh City,35,26,16,0.5,60,44,1011,3/1/2021
Ho Chi Minh City,36,26,15,0,58,15,1010,3/2/2020
Ho Chi Minh City,35,25,11,0.6,65,45,1011,3/2/2021
Ho Chi Minh City,36,25,13,0,52,9,1011,2/25/2020
Ho Chi Minh City,37,23,9,0,65,11,1008,2/25/2021
Ho Chi Minh City,35,24,10,0,56,5,1012,2/4/2020
Ho Chi Minh City,35,24,7,0,57,11,1012,2/4/2021
Ho Chi Minh City,36,26,14,0,58,19,1010,3/4/2020
Ho Chi Minh City,36,26,12,0,53,17,1011,3/4/2021
Ho Chi Minh City,34,25,14,0,58,49,1012,3/6/2020
Ho Chi Minh City,37,25,13,0,59,3,1012,3/6/2021
Ho Chi Minh City,37,25,10,0,62,17,1012,3/7/2020
Ho Chi Minh City,37,25,14,0,61,7,1011,3/7/2021
Ho Chi Minh City,38,25,10,0,65,21,1010,3/8/2020
Ho Chi Minh City,37,27,13,0,51,10,1012,3/8/2021
Ho Chi Minh City,36,25,12,0.3,66,52,1008,3/9/2020
Ho Chi Minh City,36,26,12,0,54,18,1012,3/9/2021
Ho Chi Minh City,36,26,12,0.1,67,33,1009,3/10/2020
Ho Chi Minh City,36,25,13,0,50,15,1011,3/10/2021
Ho Chi Minh City,36,25,8,0.3,51,33,1013,2/18/2020
Ho Chi Minh City,34,25,6,0,53,6,1013,2/18/2021
Ho Chi Minh City,35,26,15,0.2,63,49,1011,3/11/2020
Ho Chi Minh City,37,26,13,0,51,21,1011,3/11/2021
Ho Chi Minh City,38,26,15,0,54,11,1011,3/12/2020
Ho Chi Minh City,37,26,13,0,51,16,1011,3/12/2021
Ho Chi Minh City,38,26,15,0,59,11,1012,3/13/2020
Ho Chi Minh City,37,26,11,0,50,16,1011,3/13/2021
Ho Chi Minh City,37,26,17,0,62,26,1011,3/14/2020
Ho Chi Minh City,36,26,11,0,55,8,1010,3/14/2021
Ho Chi Minh City,37,26,19,0,53,15,1011,3/15/2020
Ho Chi Minh City,36,24,10,0,61,11,1010,3/15/2021
Ho Chi Minh City,34,24,13,0,67,11,1011,2/15/2020
Ho Chi Minh City,32,22,9,0,68,24,1012,2/15/2021
Ho Chi Minh City,38,27,14,0,54,5,1011,3/16/2020
Ho Chi Minh City,36,24,12,0,65,24,1009,3/16/2021
Ho Chi Minh City,36,26,14,0,54,16,1010,3/3/2020
Ho Chi Minh City,36,26,11,0,58,18,1011,3/3/2021
Ho Chi Minh City,38,25,13,0,58,6,1011,3/18/2020
Ho Chi Minh City,38,25,13,0,65,17,1009,3/18/2021
Ho Chi Minh City,36,25,16,0,58,15,1011,3/19/2020
Ho Chi Minh City,37,25,13,0,65,27,1008,3/19/2021
Ho Chi Minh City,35,25,12,0,60,31,1011,3/5/2020
Ho Chi Minh City,38,25,17,0,52,4,1012,3/5/2021
Ho Chi Minh City,36,25,17,0,61,17,1011,3/20/2020
Ho Chi Minh City,34,27,14,2.8,67,71,1007,3/20/2021
Ho Chi Minh City,36,24,15,0,66,26,1011,3/22/2020
Ho Chi Minh City,38,26,11,0.2,53,23,1010,3/22/2021
Ho Chi Minh City,36,25,15,0,62,18,1009,3/24/2020
Ho Chi Minh City,36,24,10,8.5,57,62,1009,3/24/2021
Ho Chi Minh City,38,26,15,0,52,5,1012,3/17/2020
Ho Chi Minh City,36,24,12,0,64,21,1009,3/17/2021
Ho Chi Minh City,38,26,16,0,61,14,1008,3/25/2020
Ho Chi Minh City,36,26,10,4.9,63,48,1009,3/25/2021
Ho Chi Minh City,37,26,17,0,60,17,1009,3/26/2020
Ho Chi Minh City,35,27,11,0.9,62,36,1009,3/26/2021
Ho Chi Minh City,37,25,13,0,63,20,1010,3/27/2020
Ho Chi Minh City,36,28,14,0.1,55,33,1008,3/27/2021
Ho Chi Minh City,35,26,14,3,65,47,1009,3/28/2020
Ho Chi Minh City,35,27,18,0,61,27,1007,3/28/2021
Ho Chi Minh City,36,26,15,5.2,61,38,1009,3/29/2020
Ho Chi Minh City,36,26,17,0,60,19,1007,3/29/2021
Ho Chi Minh City,36,27,15,0,61,30,1010,4/1/2020
Ho Chi Minh City,37,27,14,0,57,22,1005,4/1/2021
Ho Chi Minh City,38,27,18,0,55,8,1010,4/3/2020
Ho Chi Minh City,35,26,15,8.5,62,55,1007,4/3/2021
Ho Chi Minh City,37,25,15,0,63,22,1010,3/23/2020
Ho Chi Minh City,37,27,13,1.2,47,37,1009,3/23/2021
Ho Chi Minh City,39,27,16,0,56,9,1010,4/4/2020
Ho Chi Minh City,36,27,16,1.2,61,45,1007,4/4/2021
Ho Chi Minh City,38,27,14,0,58,12,1010,4/6/2020
Ho Chi Minh City,37,27,15,0,55,17,1009,4/6/2021
Ho Chi Minh City,38,26,13,0,59,22,1010,4/7/2020
Ho Chi Minh City,37,27,12,0,56,22,1009,4/7/2021
Ho Chi Minh City,36,27,16,0,57,34,1010,4/2/2020
Ho Chi Minh City,37,28,12,1,57,59,1007,4/2/2021
Ho Chi Minh City,36,25,15,0,62,18,1012,3/21/2020
Ho Chi Minh City,36,26,14,1.3,66,46,1008,3/21/2021
Ho Chi Minh City,35,26,11,2.9,66,73,1010,4/8/2020
Ho Chi Minh City,33,27,11,5.5,64,67,1009,4/8/2021
Ho Chi Minh City,39,27,18,0,51,7,1010,4/5/2020
Ho Chi Minh City,34,27,14,0.1,59,34,1009,4/5/2021
Ho Chi Minh City,34,27,15,6.8,66,60,1012,4/10/2020
Ho Chi Minh City,35,27,12,3.6,62,52,1010,4/10/2021
Ho Chi Minh City,33,27,14,11.1,68,69,1011,4/9/2020
Ho Chi Minh City,34,27,9,2.5,63,56,1009,4/9/2021
Ho Chi Minh City,35,27,11,2.6,63,54,1011,4/11/2020
Ho Chi Minh City,36,27,14,0,58,22,1011,4/11/2021
Ho Chi Minh City,34,27,9,14.1,68,62,1011,4/13/2020
Ho Chi Minh City,33,28,15,0.1,65,48,1011,4/13/2021
Ho Chi Minh City,33,26,6,8.9,68,64,1012,4/14/2020
Ho Chi Minh City,34,27,12,8,65,62,1010,4/14/2021
Ho Chi Minh City,34,27,10,26.6,68,79,1011,4/15/2020
Ho Chi Minh City,34,27,8,4.4,66,50,1010,4/15/2021
Ho Chi Minh City,34,27,11,8.5,65,59,1010,4/16/2020
Ho Chi Minh City,34,27,11,8.7,67,71,1010,4/16/2021
Ho Chi Minh City,35,26,15,0,64,31,1009,3/30/2020
Ho Chi Minh City,38,26,13,0,59,15,1006,3/30/2021
Ho Chi Minh City,36,27,13,0,61,35,1010,4/20/2020
Ho Chi Minh City,34,27,9,6.5,65,64,1009,4/20/2021
Ho Chi Minh City,37,28,14,0,62,27,1009,4/21/2020
Ho Chi Minh City,34,28,9,2.6,66,50,1009,4/21/2021
Ho Chi Minh City,33,27,12,35.4,71,64,1011,4/12/2020
Ho Chi Minh City,35,27,14,0.2,62,53,1011,4/12/2021
Ho Chi Minh City,35,27,13,1.5,63,47,1010,4/17/2020
Ho Chi Minh City,32,26,10,11.9,68,70,1011,4/17/2021
Ho Chi Minh City,35,27,12,0.1,63,25,1011,4/18/2020
Ho Chi Minh City,34,27,10,2.6,58,55,1010,4/18/2021
Ho Chi Minh City,37,28,14,0,61,24,1009,4/22/2020
Ho Chi Minh City,34,28,8,12.3,65,73,1008,4/22/2021
Ho Chi Minh City,36,28,14,0.2,60,35,1009,4/23/2020
Ho Chi Minh City,33,27,10,8.2,68,71,1007,4/23/2021
Ho Chi Minh City,36,26,12,0,63,35,1010,3/31/2020
Ho Chi Minh City,37,27,13,0,56,10,1005,3/31/2021
Ho Chi Minh City,37,29,7,8.7,61,56,1010,4/26/2020
Ho Chi Minh City,36,28,10,0.3,60,40,1008,4/26/2021
Ho Chi Minh City,36,28,8,3.4,58,35,1010,4/27/2020
Ho Chi Minh City,33,27,12,1.3,67,45,1010,4/27/2021
Ho Chi Minh City,36,29,10,0.7,55,47,1010,4/28/2020
Ho Chi Minh City,32,27,14,0.7,67,47,1010,4/28/2021
Ho Chi Minh City,36,29,12,0,56,26,1010,4/30/2020
Ho Chi Minh City,34,26,13,2.2,61,55,1010,4/30/2021
Ho Chi Minh City,36,28,14,0,61,40,1009,5/1/2020
Ho Chi Minh City,35,28,14,2,63,59,1010,5/1/2021
Ho Chi Minh City,35,27,15,0.1,62,27,1011,4/19/2020
Ho Chi Minh City,34,27,10,4.6,66,63,1009,4/19/2021
Ho Chi Minh City,36,28,13,0.2,60,39,1008,5/2/2020
Ho Chi Minh City,36,28,12,0,63,21,1010,5/2/2021
Ho Chi Minh City,35,28,11,5,64,63,1008,5/3/2020
Ho Chi Minh City,37,28,13,0,57,32,1008,5/3/2021
Ho Chi Minh City,36,28,10,0.8,64,47,1009,5/4/2020
Ho Chi Minh City,38,28,14,0,60,18,1007,5/4/2021
Ho Chi Minh City,35,28,12,0.4,58,45,1010,4/29/2020
Ho Chi Minh City,33,27,10,5.8,69,78,1011,4/29/2021
Ho Chi Minh City,37,29,11,5.8,64,54,1008,5/9/2020
Ho Chi Minh City,35,28,10,8.2,64,83,1008,5/9/2021
Ho Chi Minh City,35,29,13,0,63,52,1009,5/10/2020
Ho Chi Minh City,34,27,12,3.7,67,54,1008,5/10/2021
Ho Chi Minh City,35,29,14,10.8,62,57,1010,4/24/2020
Ho Chi Minh City,35,27,11,0.4,65,42,1008,4/24/2021
Ho Chi Minh City,36,28,12,0.1,62,52,1008,5/6/2020
Ho Chi Minh City,35,29,15,0.2,59,33,1009,5/6/2021
Ho Chi Minh City,36,29,10,2.9,65,61,1008,5/5/2020
Ho Chi Minh City,38,29,16,0,52,21,1007,5/5/2021
Ho Chi Minh City,35,29,13,0.7,65,55,1008,5/8/2020
Ho Chi Minh City,36,28,12,1.4,64,36,1009,5/8/2021
Ho Chi Minh City,37,29,10,6.2,63,57,1006,5/15/2020
Ho Chi Minh City,36,28,13,5.2,64,52,1005,5/15/2021
Ho Chi Minh City,37,28,8,1.3,59,35,1009,4/25/2020
Ho Chi Minh City,35,28,11,0.1,62,32,1009,4/25/2021
Ho Chi Minh City,36,28,14,0.9,63,35,1009,5/13/2020
Ho Chi Minh City,35,29,11,1.2,65,53,1006,5/13/2021
Ho Chi Minh City,36,29,11,5.6,63,70,1006,5/16/2020
Ho Chi Minh City,35,29,13,0.2,66,46,1006,5/16/2021
Ho Chi Minh City,35,29,10,3,65,60,1006,5/20/2020
Ho Chi Minh City,36,28,10,12.2,68,71,1007,5/20/2021
Ho Chi Minh City,35,29,11,3.1,64,62,1008,5/7/2020
Ho Chi Minh City,36,28,13,0.4,61,49,1009,5/7/2021
Ho Chi Minh City,37,29,12,2.2,61,41,1008,5/14/2020
Ho Chi Minh City,35,28,11,4,66,70,1005,5/14/2021
Ho Chi Minh City,36,29,10,2.8,64,66,1007,5/21/2020
Ho Chi Minh City,34,27,12,11.1,72,52,1007,5/21/2021
Ho Chi Minh City,36,29,11,0,60,48,1009,5/11/2020
Ho Chi Minh City,36,28,10,0,63,36,1007,5/11/2021
Ho Chi Minh City,35,28,10,13.4,65,57,1006,5/19/2020
Ho Chi Minh City,35,28,8,6.7,67,74,1007,5/19/2021
Ho Chi Minh City,36,29,12,0.1,64,37,1007,5/22/2020
Ho Chi Minh City,31,27,12,2.5,76,79,1007,5/22/2021
Ho Chi Minh City,34,29,8,0.8,68,56,1009,5/24/2020
Ho Chi Minh City,27,22,11,32.1,88,77,1006,5/24/2021
Ho Chi Minh City,39,29,8,0.5,56,26,1009,5/12/2020
Ho Chi Minh City,36,29,9,0.7,61,53,1006,5/12/2021
Ho Chi Minh City,33,29,9,14.3,71,54,1011,5/25/2020
Ho Chi Minh City,25,24,9,29.2,91,83,1008,5/25/2021
Ho Chi Minh City,36,28,9,0.3,65,38,1010,5/26/2020
Ho Chi Minh City,25,21,12,45.2,93,94,1007,5/26/2021
Ho Chi Minh City,36,29,10,1.1,63,52,1010,5/27/2020
Ho Chi Minh City,28,25,13,12.2,85,73,1008,5/27/2021
Ho Chi Minh City,35,29,11,1.5,65,49,1009,5/28/2020
Ho Chi Minh City,32,25,10,3.3,76,80,1009,5/28/2021
Ho Chi Minh City,31,28,12,30.2,73,77,1006,5/17/2020
Ho Chi Minh City,34,29,11,21.9,67,74,1007,5/17/2021
Ho Chi Minh City,34,28,11,15.3,69,65,1010,5/29/2020
Ho Chi Minh City,33,26,8,1.1,73,46,1009,5/29/2021
Ho Chi Minh City,34,28,9,4.4,66,66,1011,5/30/2020
Ho Chi Minh City,33,27,10,1.3,73,61,1008,5/30/2021
Ho Chi Minh City,35,29,11,27.4,68,58,1008,5/23/2020
Ho Chi Minh City,31,26,11,14.4,79,72,1007,5/23/2021
Ho Chi Minh City,34,26,8,57.3,71,62,1009,6/2/2020
Ho Chi Minh City,34,28,10,2.1,68,53,1007,6/2/2021
Ho Chi Minh City,37,29,10,1.1,62,51,1006,5/18/2020
Ho Chi Minh City,33,27,8,15.5,70,61,1008,5/18/2021
Ho Chi Minh City,32,28,11,8.2,74,63,1008,6/4/2020
Ho Chi Minh City,34,28,11,0,66,31,1008,6/4/2021
Ho Chi Minh City,34,28,10,17,71,59,1008,6/5/2020
Ho Chi Minh City,34,28,13,1.7,67,44,1007,6/5/2021
Ho Chi Minh City,36,28,8,2.7,66,36,1008,6/3/2020
Ho Chi Minh City,34,28,10,0.3,69,48,1008,6/3/2021
Ho Chi Minh City,34,28,11,0.7,68,32,1008,6/7/2020
Ho Chi Minh City,31,27,13,6.4,77,68,1008,6/7/2021
Ho Chi Minh City,35,28,9,1.7,66,46,1007,6/9/2020
Ho Chi Minh City,31,26,13,0.3,75,65,1008,6/9/2021
Ho Chi Minh City,34,28,9,15.7,71,72,1008,6/10/2020
Ho Chi Minh City,30,26,14,0.4,75,46,1007,6/10/2021
Ho Chi Minh City,32,27,10,10.4,73,67,1008,6/11/2020
Ho Chi Minh City,29,25,16,1.5,79,68,1008,6/11/2021
Ho Chi Minh City,34,28,12,9.7,68,56,1008,6/6/2020
Ho Chi Minh City,33,28,16,7.6,69,72,1008,6/6/2021
Ho Chi Minh City,34,26,10,1.7,70,53,1006,6/12/2020
Ho Chi Minh City,26,18,16,2.9,87,74,1009,6/12/2021
Ho Chi Minh City,33,28,12,7.8,72,55,1005,6/13/2020
Ho Chi Minh City,31,25,13,1.4,79,69,1008,6/13/2021
Ho Chi Minh City,32,26,8,3.7,76,75,1009,6/16/2020
Ho Chi Minh City,33,27,11,6.9,70,60,1009,6/16/2021
Ho Chi Minh City,34,27,6,14.9,71,64,1008,6/17/2020
Ho Chi Minh City,33,26,11,8.8,74,53,1009,6/17/2021
Ho Chi Minh City,35,28,10,0.3,65,42,1007,6/8/2020
Ho Chi Minh City,28,26,11,2,82,72,1009,6/8/2021
Ho Chi Minh City,35,29,7,27.1,69,75,1010,6/1/2020
Ho Chi Minh City,35,28,10,2.1,68,60,1006,6/1/2021
Ho Chi Minh City,30,27,6,1.1,79,46,1009,6/18/2020
Ho Chi Minh City,33,27,9,2.9,71,51,1009,6/18/2021
Ho Chi Minh City,34,28,6,14.3,73,66,1007,6/20/2020
Ho Chi Minh City,33,28,9,5.7,74,51,1006,6/22/2020
Ho Chi Minh City,35,29,8,0.3,65,46,1011,5/31/2020
Ho Chi Minh City,34,28,11,0.8,68,61,1006,5/31/2021
Ho Chi Minh City,36,27,6,2.2,69,59,1007,6/24/2020
Ho Chi Minh City,34,28,6,4.2,70,63,1008,6/19/2020
Ho Chi Minh City,34,28,8,2.2,73,53,1007,6/23/2020
Ho Chi Minh City,30,25,8,38.1,86,70,1010,6/15/2020
Ho Chi Minh City,33,26,13,0,70,32,1008,6/15/2021
Ho Chi Minh City,34,27,9,11.9,71,64,1007,6/25/2020
Ho Chi Minh City,31,27,10,13.8,75,67,1008,6/28/2020
Ho Chi Minh City,33,26,10,17.7,72,64,1007,6/26/2020
Ho Chi Minh City,33,27,7,6.1,72,51,1006,6/21/2020
Ho Chi Minh City,29,26,9,0.3,76,51,1007,7/1/2020
Ho Chi Minh City,26,25,10,24.8,84,85,1008,6/29/2020
Ho Chi Minh City,31,26,9,16.2,80,66,1008,6/30/2020
Ho Chi Minh City,29,24,10,6.7,80,60,1010,7/4/2020
Ho Chi Minh City,32,26,10,38.1,81,72,1007,6/14/2020
Ho Chi Minh City,33,25,10,2,72,70,1009,6/14/2021
Ho Chi Minh City,33,26,6,0.4,71,35,1007,7/5/2020
Ho Chi Minh City,33,27,9,14.9,73,61,1008,6/27/2020
Ho Chi Minh City,32,27,8,3.2,77,55,1007,7/6/2020
Ho Chi Minh City,34,28,7,1.6,72,40,1008,7/8/2020
Ho Chi Minh City,33,26,11,0.6,74,46,1009,7/7/2020
Ho Chi Minh City,32,26,10,9.8,74,51,1007,7/2/2020
Ho Chi Minh City,34,26,7,0,71,29,1007,7/9/2020
Ho Chi Minh City,33,26,9,5.6,75,65,1007,7/11/2020
Ho Chi Minh City,33,26,8,1.9,75,53,1008,7/13/2020
Ho Chi Minh City,33,27,11,5.8,75,73,1006,7/16/2020
Ho Chi Minh City,31,26,13,28.4,80,69,1008,7/3/2020
Ho Chi Minh City,32,26,9,22.8,78,57,1008,7/12/2020
Ho Chi Minh City,33,27,8,10.6,73,52,1008,7/18/2020
Ho Chi Minh City,34,27,8,0.9,71,58,1008,7/20/2020
Ho Chi Minh City,32,27,8,8,75,61,1008,7/17/2020
Ho Chi Minh City,33,27,8,28.9,77,63,1006,7/15/2020
Ho Chi Minh City,34,27,9,0.1,71,26,1007,7/10/2020
Ho Chi Minh City,32,26,9,16.4,78,68,1008,7/14/2020
Ho Chi Minh City,34,27,6,4.4,71,55,1007,7/19/2020
Ho Chi Minh City,34,28,6,0.9,70,41,1008,7/23/2020
Ho Chi Minh City,34,26,6,0,69,20,1008,7/25/2020
Ho Chi Minh City,33,27,6,13.3,73,71,1008,7/22/2020
Ho Chi Minh City,32,27,8,14.4,75,74,1008,7/26/2020
Ho Chi Minh City,33,27,8,9,74,68,1007,7/27/2020
Ho Chi Minh City,29,26,14,32.2,81,62,1005,7/31/2020
Ho Chi Minh City,34,27,10,4.8,72,57,1007,7/29/2020
Ho Chi Minh City,33,27,12,15.4,73,75,1006,7/30/2020
Ho Chi Minh City,34,27,8,0.2,69,35,1008,7/21/2020
Ho Chi Minh City,29,26,21,31.4,82,66,1005,8/1/2020
Ho Chi Minh City,29,25,19,15.4,83,72,1005,8/2/2020
Ho Chi Minh City,27,23,10,24.7,83,67,1009,7/24/2020
Ho Chi Minh City,30,25,12,18.7,82,83,1007,8/5/2020
Ho Chi Minh City,28,26,8,25.2,87,76,1006,8/4/2020
Ho Chi Minh City,29,26,14,20,83,77,1006,8/3/2020
Ho Chi Minh City,32,26,13,5.3,76,51,1006,8/8/2020
Ho Chi Minh City,32,26,13,22.3,77,65,1008,8/11/2020
Ho Chi Minh City,33,27,12,10.9,75,71,1009,8/12/2020
Ho Chi Minh City,25,24,14,51.9,92,99,1008,8/6/2020
Ho Chi Minh City,27,21,6,15.8,85,63,1010,8/13/2020
Ho Chi Minh City,32,26,10,17,76,60,1007,8/9/2020
Ho Chi Minh City,25,24,16,136.7,92,86,1007,8/7/2020
Ho Chi Minh City,29,25,6,1.7,83,67,1009,8/14/2020
Ho Chi Minh City,34,27,8,0.6,70,54,1007,7/28/2020
Ho Chi Minh City,34,26,10,0.3,70,28,1008,8/15/2020
Ho Chi Minh City,33,27,10,1.5,70,42,1008,8/16/2020
Ho Chi Minh City,32,25,10,12.3,77,43,1007,8/17/2020
Ho Chi Minh City,31,27,13,12.5,77,67,1008,8/10/2020
Ho Chi Minh City,33,27,10,2.1,73,46,1009,8/22/2020
Ho Chi Minh City,34,27,8,6.1,72,66,1009,8/21/2020
Ho Chi Minh City,29,27,7,5.5,79,66,1007,8/19/2020
Ho Chi Minh City,34,27,12,1.7,71,65,1009,8/23/2020
Ho Chi Minh City,35,27,10,0,69,14,1009,8/24/2020
Ho Chi Minh City,35,27,9,0,69,19,1008,8/25/2020
Ho Chi Minh City,34,27,14,0.5,70,43,1008,8/26/2020
Ho Chi Minh City,31,27,10,10.8,77,58,1007,8/18/2020
Ho Chi Minh City,34,27,9,2.2,73,55,1006,8/31/2020
Ho Chi Minh City,33,28,7,2.6,72,67,1007,9/1/2020
Ho Chi Minh City,32,27,4,0.7,74,44,1007,8/20/2020
Ho Chi Minh City,34,27,6,18.4,73,69,1008,9/3/2020
Ho Chi Minh City,34,27,14,3.1,71,54,1006,8/27/2020
Ho Chi Minh City,34,27,13,1,73,45,1006,8/29/2020
Ho Chi Minh City,28,26,8,18.9,81,58,1008,9/2/2020
Ho Chi Minh City,34,27,11,5.8,71,59,1008,9/7/2020
Ho Chi Minh City,33,27,9,2,73,55,1008,9/4/2020
Ho Chi Minh City,35,27,12,0.1,70,26,1005,8/28/2020
Ho Chi Minh City,33,27,8,2.7,74,52,1009,9/9/2020
Ho Chi Minh City,33,28,8,13.3,74,58,1009,9/8/2020
Ho Chi Minh City,34,28,8,10.3,72,56,1007,9/5/2020
Ho Chi Minh City,33,27,10,11.3,75,56,1007,9/11/2020
Ho Chi Minh City,33,27,7,11.8,73,73,1008,9/14/2020
Ho Chi Minh City,33,27,10,7.7,72,61,1007,9/6/2020
Ho Chi Minh City,32,26,9,0.1,74,40,1008,9/16/2020
Ho Chi Minh City,33,27,9,16.1,73,58,1009,9/12/2020
Ho Chi Minh City,34,27,8,6.4,73,54,1009,9/13/2020
Ho Chi Minh City,29,26,10,10.3,82,77,1006,9/17/2020
Ho Chi Minh City,31,25,8,21.8,82,69,1009,9/15/2020
Ho Chi Minh City,30,24,14,9.8,82,70,1007,9/19/2020
Ho Chi Minh City,34,27,11,0.2,70,36,1006,8/30/2020
Ho Chi Minh City,34,26,6,2.2,73,43,1009,9/20/2020
Ho Chi Minh City,32,27,7,19.5,77,79,1009,9/21/2020
Ho Chi Minh City,33,27,9,16.8,76,55,1010,9/24/2020
Ho Chi Minh City,33,28,9,2.2,74,60,1007,9/10/2020
Ho Chi Minh City,32,27,10,7.5,76,64,1009,9/25/2020
Ho Chi Minh City,33,27,9,7.4,76,52,1009,9/23/2020
Ho Chi Minh City,32,26,8,14.4,76,60,1008,9/26/2020
Ho Chi Minh City,26,25,19,35.9,88,92,1003,9/18/2020
Ho Chi Minh City,29,26,8,4.8,81,52,1007,9/27/2020
Ho Chi Minh City,31,26,10,4.8,78,66,1007,9/28/2020
Ho Chi Minh City,31,25,10,17.6,79,62,1008,9/29/2020
Ho Chi Minh City,32,26,9,3.6,76,53,1007,9/30/2020
Ho Chi Minh City,32,27,8,34.7,78,74,1006,10/2/2020
Ho Chi Minh City,30,26,13,22.8,82,70,1008,10/4/2020
Ho Chi Minh City,27,25,9,13.3,88,69,1006,10/7/2020
Ho Chi Minh City,29,25,6,1.6,82,60,1008,10/6/2020
Ho Chi Minh City,31,24,10,13.3,82,61,1006,10/8/2020
Ho Chi Minh City,30,25,11,5.1,81,63,1008,10/5/2020
Ho Chi Minh City,30,24,7,26.3,86,72,1007,10/10/2020
Ho Chi Minh City,33,27,9,8.3,75,66,1006,10/1/2020
Ho Chi Minh City,29,25,9,12.3,86,82,1005,10/12/2020
Ho Chi Minh City,32,27,8,19.3,77,55,1008,10/3/2020
Ho Chi Minh City,28,25,17,16.1,88,87,1007,10/14/2020
Ho Chi Minh City,29,22,9,15.9,86,93,1005,10/13/2020
Ho Chi Minh City,28,25,8,30.2,88,72,1008,10/9/2020
Ho Chi Minh City,29,24,15,15.5,86,84,1006,10/15/2020
Ho Chi Minh City,30,25,11,30.3,84,84,1007,10/18/2020
Ho Chi Minh City,29,25,5,6.1,83,65,1009,10/19/2020
Ho Chi Minh City,33,27,8,7.2,77,70,1008,9/22/2020
Ho Chi Minh City,31,24,10,13.5,82,72,1008,10/20/2020
Ho Chi Minh City,27,24,10,38,91,82,1005,10/17/2020
Ho Chi Minh City,26,16,13,55.1,92,89,1006,10/16/2020
Ho Chi Minh City,29,24,10,38.5,87,74,1006,10/11/2020
Ho Chi Minh City,31,25,8,7.4,81,74,1008,10/23/2020
Ho Chi Minh City,30,25,7,21.1,82,80,1010,10/25/2020
Ho Chi Minh City,30,25,5,31.7,84,62,1008,10/21/2020
Ho Chi Minh City,30,25,11,1.9,79,50,1007,10/27/2020
Ho Chi Minh City,28,25,7,4.3,83,60,1009,10/29/2020
Ho Chi Minh City,31,25,8,4.4,78,76,1008,10/22/2020
Ho Chi Minh City,32,26,9,13.2,80,65,1010,11/1/2020
Ho Chi Minh City,31,26,9,1.4,78,59,1010,11/2/2020
Ho Chi Minh City,30,25,6,33.7,84,73,1009,10/24/2020
Ho Chi Minh City,32,26,6,19.3,79,68,1010,10/31/2020
Ho Chi Minh City,30,26,9,16.5,79,70,1009,10/26/2020
Ho Chi Minh City,29,25,15,0.2,78,44,1006,10/28/2020
Ho Chi Minh City,31,25,7,0.4,73,26,1010,11/4/2020
Ho Chi Minh City,33,25,9,0.1,74,21,1010,11/5/2020
Ho Chi Minh City,33,26,7,4.6,76,46,1010,10/30/2020
Ho Chi Minh City,31,25,9,2.2,78,62,1011,11/7/2020
Ho Chi Minh City,31,24,10,0,71,29,1008,11/9/2020
Ho Chi Minh City,30,21,5,0.1,77,64,1010,11/11/2020
Ho Chi Minh City,24,23,16,0.3,83,75,1008,11/10/2020
Ho Chi Minh City,30,23,9,1.7,77,63,1011,11/8/2020
Ho Chi Minh City,31,24,11,0,75,10,1008,11/14/2020
Ho Chi Minh City,32,25,4,0,74,41,1010,11/15/2020
Ho Chi Minh City,32,26,5,8.8,74,45,1010,11/16/2020
Ho Chi Minh City,31,25,7,27.4,76,69,1010,11/6/2020
Ho Chi Minh City,32,25,5,0.5,76,44,1011,11/3/2020
Ho Chi Minh City,34,27,6,0.2,72,20,1008,11/18/2020
Ho Chi Minh City,32,26,7,15.3,77,63,1008,11/19/2020
Ho Chi Minh City,32,25,9,9.6,76,47,1008,11/20/2020
Ho Chi Minh City,33,24,6,4.5,78,49,1011,11/12/2020
Ho Chi Minh City,33,26,6,0.3,73,42,1010,11/22/2020
Ho Chi Minh City,33,26,5,3.1,73,66,1010,11/23/2020
Ho Chi Minh City,32,24,9,1.2,76,23,1009,11/13/2020
Ho Chi Minh City,32,25,6,0.8,72,51,1010,11/25/2020
Ho Chi Minh City,33,26,6,0.2,74,29,1009,11/17/2020
Ho Chi Minh City,34,26,5,0,68,17,1010,11/26/2020
Ho Chi Minh City,32,25,5,0.1,70,25,1011,11/27/2020
Ho Chi Minh City,33,25,6,4.9,69,33,1011,11/28/2020
Ho Chi Minh City,24,24,9,10,91,80,1011,11/30/2020
Ho Chi Minh City,34,26,5,0.9,71,24,1010,11/24/2020
Ho Chi Minh City,31,25,4,8.4,77,57,1011,12/2/2020
Ho Chi Minh City,31,23,7,0.2,72,45,1011,12/3/2020
Ho Chi Minh City,32,24,5,2.1,72,44,1011,12/7/2020
Ho Chi Minh City,32,26,8,10.2,75,55,1008,11/21/2020
Ho Chi Minh City,31,24,6,0,72,51,1011,12/8/2020
Ho Chi Minh City,29,25,8,13.7,82,79,1010,11/29/2020
Ho Chi Minh City,30,25,6,0,72,52,1010,12/9/2020
Ho Chi Minh City,31,24,6,0,68,8,1011,12/5/2020
Ho Chi Minh City,33,23,6,0,70,12,1011,12/6/2020
Ho Chi Minh City,32,22,7,0,65,11,1010,12/4/2020
Ho Chi Minh City,31,25,7,17.7,80,66,1008,12/13/2020
Ho Chi Minh City,30,24,5,6.5,80,62,1011,12/1/2020
Ho Chi Minh City,32,25,6,16.9,78,75,1010,12/15/2020
Ho Chi Minh City,32,24,6,7,74,52,1010,12/17/2020
Ho Chi Minh City,32,25,7,1.6,78,48,1009,12/14/2020
Ho Chi Minh City,32,23,6,13.4,77,64,1009,12/10/2020
Ho Chi Minh City,31,25,6,3.2,79,65,1009,12/12/2020
Ho Chi Minh City,31,23,15,0,65,15,1010,12/20/2020
Ho Chi Minh City,31,24,6,6.8,74,65,1010,12/18/2020
Ho Chi Minh City,30,23,17,0,62,10,1009,12/21/2020
Ho Chi Minh City,31,25,4,7.9,77,56,1011,12/16/2020
Ho Chi Minh City,31,25,7,24.4,80,76,1009,12/11/2020
Ho Chi Minh City,31,24,10,2.4,75,61,1008,12/24/2020
Ho Chi Minh City,32,25,9,5.3,75,44,1009,12/25/2020
Ho Chi Minh City,29,24,14,14.5,77,79,1007,12/23/2020
Ho Chi Minh City,32,25,7,0.6,75,45,1010,12/27/2020
Ho Chi Minh City,33,25,5,4,76,68,1010,12/26/2020
Ho Chi Minh City,30,24,6,0,76,55,1009,12/29/2020
Ho Chi Minh City,32,25,7,0,75,33,1009,12/28/2020
Ho Chi Minh City,30,23,15,0,60,49,1011,12/31/2020
Ho Chi Minh City,28,23,18,0.6,66,51,1008,12/22/2020
Ho Chi Minh City,30,25,9,0.1,68,53,1010,12/30/2020
Ho Chi Minh City,31,25,7,2.9,71,41,1010,12/19/2020
